N,SUS_mean,SUS_sd,SUS_ci_low,SUS_ci_high,SUS_cronbach_alpha,TLX_mean,TLX_sd,TLX_ci_low,TLX_ci_high,SUS_TLX_pearson_r,SUS_TLX_pearson_p
20,71.5,15.291036245908392,64.34357474782587,78.65642525217413,-0.38665038665038653,3.2416666666666663,1.6343131683259922,2.4767845592883355,4.006548774044997,-0.5856648530195722,0.006662954800797042
